{
  "images": [
    {
      "filename": "AppIcon@2x.png",
      "idiom": "iphone",
      "scale": "2x",
      "size": "60x60"
    },
    {
      "filename": "AppIcon@3x.png",
      "idiom": "iphone",
      "scale": "3x",
      "size": "60x60"
    },
    {
      "filename": "AppIcon~ipad.png",
      "idiom": "ipad",
      "scale": "1x",
      "size": "76x76"
    },
    {
      "filename": "AppIcon@2x~ipad.png",
      "idiom": "ipad",
      "scale": "2x",
      "size": "76x76"
    },
    {
      "filename": "AppIcon-83.5@2x~ipad.png",
      "idiom": "ipad",
      "scale": "2x",
      "size": "83.5x83.5"
    },
    {
      "filename": "AppIcon-40@2x.png",
      "idiom": "iphone",
      "scale": "2x",
      "size": "40x40"
    },
    {
      "filename": "AppIcon-40@3x.png",
      "idiom": "iphone",
      "scale": "3x",
      "size": "40x40"
    },
    {
      "filename": "AppIcon-40~ipad.png",
      "idiom": "ipad",
      "scale": "1x",
      "size": "40x40"
    },
    {
      "filename": "AppIcon-40@2x~ipad.png",
      "idiom": "ipad",
      "scale": "2x",
      "size": "40x40"
    },
    {
      "filename": "AppIcon-20@2x.png",
      "idiom": "iphone",
      "scale": "2x",
      "size": "20x20"
    },
    {
      "filename": "AppIcon-20@3x.png",
      "idiom": "iphone",
      "scale": "3x",
      "size": "20x20"
    },
    {
      "filename": "AppIcon-20~ipad.png",
      "idiom": "ipad",
      "scale": "1x",
      "size": "20x20"
    },
    {
      "filename": "AppIcon-20@2x~ipad.png",
      "idiom": "ipad",
      "scale": "2x",
      "size": "20x20"
    },
    {
      "filename": "AppIcon-29.png",
      "idiom": "iphone",
      "scale": "1x",
      "size": "29x29"
    },
    {
      "filename": "AppIcon-29@2x.png",
      "idiom": "iphone",
      "scale": "2x",
      "size": "29x29"
    },
    {
      "filename": "AppIcon-29@3x.png",
      "idiom": "iphone",
      "scale": "3x",
      "size": "29x29"
    },
    {
      "filename": "AppIcon-29~ipad.png",
      "idiom": "ipad",
      "scale": "1x",
      "size": "29x29"
    },
    {
      "filename": "AppIcon-29@2x~ipad.png",
      "idiom": "ipad",
      "scale": "2x",
      "size": "29x29"
    },
    {
      "filename": "AppIcon-60@2x~car.png",
      "idiom": "car",
      "scale": "2x",
      "size": "60x60"
    },
    {
      "filename": "AppIcon-60@3x~car.png",
      "idiom": "car",
      "scale": "3x",
      "size": "60x60"
    },
    {
      "filename": "AppIcon~ios-marketing.png",
      "idiom": "ios-marketing",
      "scale": "1x",
      "size": "1024x1024"
    }
  ],
  "info": {
    "author": "iconkitchen",
    "version": 1
  }
}